{
  "timestamp": "20260310_162551",
  "capture_index": 0,
  "num_points": 394278,
  "pointcloud_file": "pointcloud_000_20260310_162551.npy",
  "image_file": "image_000_20260310_162551.png",
  "camera_parameters": {
    "min_distance": 0.1,
    "max_distance": 3.0
  },
  "point_cloud_stats": {
    "mean_x": 0.03590243309736252,
    "mean_y": -0.03720535337924957,
    "mean_z": 1.0787298679351807,
    "std_x": 0.6333925724029541,
    "std_y": 0.34715625643730164,
    "std_z": 0.11828388273715973,
    "min_x": -1.1380620002746582,
    "min_y": -0.6855233311653137,
    "min_z": 0.6549999713897705,
    "max_x": 1.2517528533935547,
    "max_y": 0.4479341506958008,
    "max_z": 1.2269999980926514
  }
}