{
  "timestamp": "20260307_165707",
  "capture_index": 0,
  "num_points": 313139,
  "pointcloud_file": "pointcloud_000_20260307_165707.npy",
  "image_file": "image_000_20260307_165707.png",
  "camera_parameters": {
    "min_distance": 0.1,
    "max_distance": 3.0
  },
  "point_cloud_stats": {
    "mean_x": 0.07795991003513336,
    "mean_y": 0.011305981315672398,
    "mean_z": 0.6647890210151672,
    "std_x": 0.412793904542923,
    "std_y": 0.21692144870758057,
    "std_z": 0.23828916251659393,
    "min_x": -1.6055351495742798,
    "min_y": -0.35733017325401306,
    "min_z": 0.27799999713897705,
    "max_x": 0.9113754034042358,
    "max_y": 0.5180025100708008,
    "max_z": 1.8849999904632568
  }
}