{
  "timestamp": "20260403_144302",
  "capture_index": 0,
  "num_points": 345709,
  "pointcloud_file": "pointcloud_000_20260403_144302.npy",
  "image_file": "image_000_20260403_144302.png",
  "camera_parameters": {
    "min_distance": 0.1,
    "max_distance": 3.0
  },
  "point_cloud_stats": {
    "mean_x": 0.08679915964603424,
    "mean_y": 0.0133869219571352,
    "mean_z": 0.5354806184768677,
    "std_x": 0.3538714051246643,
    "std_y": 0.18530362844467163,
    "std_z": 0.23028752207756042,
    "min_x": -0.7335640788078308,
    "min_y": -0.256119966506958,
    "min_z": 0.23499999940395355,
    "max_x": 1.014052391052246,
    "max_y": 0.5167748332023621,
    "max_z": 1.0740000009536743
  }
}