{
  "timestamp": "20260403_160251",
  "capture_index": 0,
  "num_points": 238048,
  "pointcloud_file": "pointcloud_000_20260403_160251.npy",
  "image_file": "image_000_20260403_160251.png",
  "camera_parameters": {
    "min_distance": 0.1,
    "max_distance": 3.0
  },
  "point_cloud_stats": {
    "mean_x": 0.06410255283117294,
    "mean_y": -0.08873198926448822,
    "mean_z": 0.5596888065338135,
    "std_x": 0.37878891825675964,
    "std_y": 0.1375690996646881,
    "std_z": 0.24472127854824066,
    "min_x": -0.6652768850326538,
    "min_y": -0.3983438014984131,
    "min_z": 0.164000004529953,
    "max_x": 1.4886565208435059,
    "max_y": 0.6184535026550293,
    "max_z": 1.715999960899353
  }
}