{
  "timestamp": "20260403_142448",
  "capture_index": 0,
  "num_points": 348440,
  "pointcloud_file": "pointcloud_000_20260403_142448.npy",
  "image_file": "image_000_20260403_142448.png",
  "camera_parameters": {
    "min_distance": 0.1,
    "max_distance": 3.0
  },
  "point_cloud_stats": {
    "mean_x": 0.09945028275251389,
    "mean_y": 0.016213880851864815,
    "mean_z": 0.5640369653701782,
    "std_x": 0.372905969619751,
    "std_y": 0.19204801321029663,
    "std_z": 0.24773937463760376,
    "min_x": -0.710748553276062,
    "min_y": -0.2630924582481384,
    "min_z": 0.24199999868869781,
    "max_x": 0.9834471940994263,
    "max_y": 0.7615130543708801,
    "max_z": 2.3399999141693115
  }
}